https://m.place.naver.com/place/1503740004,서울 강남구 피부관리샵
https://m.place.naver.com/place/1152813933,서울 강남구 피부관리샵
https://m.place.naver.com/place/2017027527,서울 강남구 피부관리샵
https://m.place.naver.com/place/1554341564/photo,서울 강남구 피부관리샵
https://m.place.naver.com/place/31498055/photo,서울 강남구 피부관리샵
https://m.place.naver.com/place/31420339/photo,서울 강남구 피부관리샵
https://m.place.naver.com/place/1884676114/photo,서울 강남구 피부관리샵
https://m.place.naver.com/place/1348399169,서울 강남구 피부관리샵
https://m.place.naver.com/place/2043741767,서울 강남구 피부관리샵
https://m.place.naver.com/place/2055780371,서울 강남구 피부관리샵
https://m.place.naver.com/place/1125319600,서울 강남구 피부관리샵
https://m.place.naver.com/place/1669894270/photo,서울 강남구 피부관리샵
https://m.place.naver.com/place/1503740004/photo,서울 강남구 피부관리샵
https://m.place.naver.com/place/1125319600/photo,서울 강남구 피부관리샵
https://m.place.naver.com/place/35188045/photo,서울 강남구 피부관리샵
https://m.place.naver.com/place/1013707552/photo,서울 강남구 피부관리샵
https://m.place.naver.com/place/1764301426/photo,서울 강남구 피부관리샵
https://m.place.naver.com/place/12917508,서울 강남구 피부관리샵
https://m.place.naver.com/place/1177278371/photo,서울 강남구 피부관리샵
https://m.place.naver.com/place/1276936745,서울 강남구 피부관리샵
https://m.place.naver.com/place/1185862964,서울 강남구 피부관리샵
https://m.place.naver.com/place/1962810115/photo,서울 강남구 피부관리샵
https://m.place.naver.com/place/12917508/photo,서울 강남구 피부관리샵
https://m.place.naver.com/place/33212390/photo,서울 강남구 피부관리샵
https://m.place.naver.com/place/33212390,서울 강남구 피부관리샵
https://m.place.naver.com/place/1155141439,서울 강남구 피부관리샵
https://m.place.naver.com/place/list,서울 강남구 피부관리샵
https://m.place.naver.com/place/1497067121/photo,서울 강남구 피부관리샵
https://m.place.naver.com/place/1989978856/photo,서울 강남구 피부관리샵
https://m.place.naver.com/place/2055780371/photo,서울 강남구 피부관리샵
https://m.place.naver.com/place/2043741767/photo,서울 강남구 피부관리샵
https://m.place.naver.com/place/1155141439/photo,서울 강남구 피부관리샵
https://m.place.naver.com/place/1348399169/photo,서울 강남구 피부관리샵
https://m.place.naver.com/place/1554341564,서울 강남구 피부관리샵
https://m.place.naver.com/place/31420339,서울 강남구 피부관리샵
https://m.place.naver.com/place/1276936745/photo,서울 강남구 피부관리샵
https://m.place.naver.com/place/1230586312,서울 강남구 피부관리샵
https://m.place.naver.com/place/35188045,서울 강남구 피부관리샵
https://m.place.naver.com/place/1989978856,서울 강남구 피부관리샵
https://m.place.naver.com/place/1177278371,서울 강남구 피부관리샵
https://m.place.naver.com/place/1013707552,서울 강남구 피부관리샵
https://m.place.naver.com/place/1764301426,서울 강남구 피부관리샵
https://m.place.naver.com/place/31498055,서울 강남구 피부관리샵
https://m.place.naver.com/place/1962810115,서울 강남구 피부관리샵
https://m.place.naver.com/place/21811230,서울 강남구 피부관리샵
https://m.place.naver.com/place/38530688/photo,서울 강남구 피부관리샵
https://m.place.naver.com/place/1884676114,서울 강남구 피부관리샵
https://m.place.naver.com/place/1152813933/photo,서울 강남구 피부관리샵
https://m.place.naver.com/place/21811230/photo,서울 강남구 피부관리샵
https://m.place.naver.com/place/1681021547/photo,서울 강남구 피부관리샵
https://m.place.naver.com/place/1185862964/photo,서울 강남구 피부관리샵
https://m.place.naver.com/place/1681021547,서울 강남구 피부관리샵
https://m.place.naver.com/place/13486413,서울 강남구 피부관리샵
https://m.place.naver.com/place/1230586312/photo,서울 강남구 피부관리샵
https://m.place.naver.com/place/38530688,서울 강남구 피부관리샵
https://m.place.naver.com/place/2017027527/photo,서울 강남구 피부관리샵
https://m.place.naver.com/place/1625847900,서울 강남구 피부관리샵
https://m.place.naver.com/place/1669894270,서울 강남구 피부관리샵
https://m.place.naver.com/place/1497067121,서울 강남구 피부관리샵
https://m.place.naver.com/place/1625847900/photo,서울 강남구 피부관리샵
